model,geo,mae,rmse,n_features
XGBoost_base,FR,0.441474540646988,0.4857470250631559,2
XGBoost_ext,FR,0.1927268435733318,0.20793968033858432,6
