model,geo,mae,rmse,n_features
XGBoost_base,IT,0.7608538901950139,0.812897909555193,2
XGBoost_ext,IT,0.34350220503508283,0.4554391362318007,6
