model,mae,rmse,n_features
XGBoost_base,0.3141041290865749,0.36540683020499826,2
XGBoost_ext,0.6729203484055235,1.1688611671675944,6
