model,mae,rmse,n_features
XGBoost_base,0.3141041290865749,0.36540683020499826,2
XGBoost_ext,0.795887866022267,1.2848965435622262,6
