period,y_true,y_pred,error
2023Q4,0.7884377913051521,-2.6056645,3.3941022829585945
2024Q1,1.1131199081441334,0.3467679,0.7663520057698658
2024Q2,0.918936493096445,0.15871616,0.760220336017702
2024Q3,0.765173461755575,0.6434973,0.12167617352849369
2024Q4,0.8135810397867038,0.5626625,0.2509185575250461
2025Q1,0.4585055130379878,0.29849708,0.16000843223507033
2025Q2,0.7301010047709111,0.30152792,0.4285730873858098
2025Q3,0.6359364392493294,0.15068439,0.4852520527575539
