period,y_true,y_pred,error
2023Q4,0.7884377913051521,0.47372603,0.3147117571407234
2024Q1,1.1131199081441334,0.5975167,0.5156031926175526
2024Q2,0.918936493096445,0.5472091,0.3717274090624789
2024Q3,0.765173461755575,0.72898245,0.03619101317769413
2024Q4,0.8135810397867038,0.20279807,0.6107829712632968
2025Q1,0.4585055130379878,0.5975167,-0.139011202488593
2025Q2,0.7301010047709111,0.5975167,0.1325842892443303
2025Q3,0.6359364392493294,0.24371524,0.3922211976979302
