period,y_true,unemp_l1,infl_l1,y_pred,error
2023Q4,0.7884377913051521,12.1,0.8101787404643845,0.3476741978625279,0.4407635934426242
2024Q1,1.1131199081441334,11.9,0.4722582783285967,0.22261332332301953,0.8905065848211139
2024Q2,0.918936493096445,11.7,0.34084661902145097,0.1723572482802206,0.7465792448162244
2024Q3,0.765173461755575,11.6,1.9230769230769162,0.7441700209177835,0.021003440837791487
2024Q4,0.8135810397867038,11.3,-0.42735042735041473,-0.11121915794354995,0.9248001977302538
2025Q1,0.4585055130379878,10.8,0.507463492320559,0.22076824028723685,0.23773727275075096
2025Q2,0.7301010047709111,10.8,0.6499261447562743,0.2723732566606358,0.45772774811027533
2025Q3,0.6359364392493294,10.5,1.4248739226725649,0.5491055981673463,0.08683084108198313
