period,y_true,y_pred,error
2023Q4,0.32891105485421956,0.0031818699,0.3257291849916184
2024Q1,0.1265360386433656,0.6990502,-0.5725141494212096
2024Q2,0.20085608883579908,-0.8181036,1.0189597003050679
2024Q3,-0.005204772962696946,-0.5474616,0.5422568559511824
2024Q4,0.1165325670765105,-0.47759974,0.5941323071048918
2025Q1,0.3420653851322397,-0.707967,1.0500323684505686
2025Q2,0.012027929778168911,1.225121,-1.213093091492583
2025Q3,0.22265183492911067,-0.5474616,0.7701134638429901
