period,y_true,y_pred,error
2023Q4,0.4220583165988945,0.18921089,0.23284742487526167
2024Q1,0.10893412086689924,0.32275543,-0.21382130530154253
2024Q2,0.20934094438456174,0.53464377,-0.32530282487965945
2024Q3,0.38050241944069807,0.5483685,-0.1678660941434389
2024Q4,-0.028480060304314492,0.23068103,-0.25916109224668205
2025Q1,0.12496721565324886,0.24386,-0.1188927906791486
2025Q2,0.3362705511166908,0.50115705,-0.16488649424768909
2025Q3,0.5444898510279295,0.48545313,0.059036722213232196
