period,y_true,y_pred,error
2023Q4,0.7884377913051521,0.46339864,0.32503915591773147
2024Q1,1.1131199081441334,0.5200395,0.5930804093381337
2024Q2,0.918936493096445,0.5118859,0.4070506116724948
2024Q3,0.765173461755575,1.1613783,-0.39620480267161007
2024Q4,0.8135810397867038,0.21183531,0.6017457299236133
2025Q1,0.4585055130379878,0.47584578,-0.017340270910910505
2025Q2,0.7301010047709111,0.3652451,0.36485590093485154
2025Q3,0.6359364392493294,-0.04423143,0.6801678689454125
