period,y_true,y_pred,error
2023Q4,0.4220583165988945,0.36524388,0.056814434658052804
2024Q1,0.10893412086689924,0.08189757,0.02703654918396925
2024Q2,0.20934094438456174,0.23338562,-0.024044678116811546
2024Q3,0.38050241944069807,-0.009394905,0.3898973240392918
2024Q4,-0.028480060304314492,0.04080735,-0.06928741177430808
2025Q1,0.12496721565324886,0.16038401,-0.0354167985955991
2025Q2,0.3362705511166908,0.08545443,0.25081612441085355
2025Q3,0.5444898510279295,-0.3639515,0.9084413552584287
