period,y_true,y_pred,error
2023Q4,0.4220583165988945,0.09062334,0.33143497509813535
2024Q1,0.10893412086689924,0.2109264,-0.10199227776801134
2024Q2,0.20934094438456174,0.40776995,-0.1984290038595331
2024Q3,0.38050241944069807,-0.5558904,0.9363928007769102
2024Q4,-0.028480060304314492,0.575671,-0.6041510774742669
2025Q1,0.12496721565324886,0.17230234,-0.0473351198474683
2025Q2,0.3362705511166908,0.1524656,0.1838049543216087
2025Q3,0.5444898510279295,0.42327306,0.12121679428240029
