period,y_true,y_pred,error
2023Q4,0.7884377913051521,0.2357015,0.5527362899356758
2024Q1,1.1131199081441334,0.79921645,0.31390345888342175
2024Q2,0.918936493096445,0.8142714,0.10466510265836515
2024Q3,0.765173461755575,1.0287353,-0.2635618182813513
2024Q4,0.8135810397867038,0.78464687,0.028934171080954307
2025Q1,0.4585055130379878,0.77680504,-0.3182995301825322
2025Q2,0.7301010047709111,0.2753003,0.4548007106100682
2025Q3,0.6359364392493294,0.35036427,0.2855721714232491
