period,y_true,x_feature,y_pred,error
2023Q4,0.7884377913051521,12.1,0.3457534257404701,0.44268436556468205
2024Q1,1.1131199081441334,11.9,0.346937717363994,0.7661821907801394
2024Q2,0.918936493096445,11.7,0.3481220089875179,0.5708144841089271
2024Q3,0.765173461755575,11.6,0.3487141547992798,0.4164593069562952
2024Q4,0.8135810397867038,11.3,0.3504905922345657,0.46309044755213813
2025Q1,0.4585055130379878,10.8,0.3534513212933755,0.10505419174461234
2025Q2,0.7301010047709111,10.8,0.3534513212933755,0.37664968347753564
2025Q3,0.6359364392493294,10.5,0.35522775872866136,0.28070868052066805
