period,y_true,y_pred,error
2023Q4,0.7884377913051521,0.53597313,0.2524646596485054
2024Q1,1.1131199081441334,0.6020604,0.5110595305463246
2024Q2,0.918936493096445,1.2855791,-0.36664259225359164
2024Q3,0.765173461755575,1.0546817,-0.289508196989237
2024Q4,0.8135810397867038,0.85215867,-0.03857762587033964
2025Q1,0.4585055130379878,0.91398615,-0.4554806334120549
2025Q2,0.7301010047709111,0.24602982,0.4840711807524327
2025Q3,0.6359364392493294,0.334395,0.30154144785147174
