period,y_true,y_pred,error
2023Q4,0.7884377913051521,0.26747975,0.5209580437713539
2024Q1,1.1131199081441334,0.88933957,0.2237803419133595
2024Q2,0.918936493096445,0.7949729,0.12396359652051725
2024Q3,0.765173461755575,1.139035,-0.3738615247403967
2024Q4,0.8135810397867038,0.7394123,0.074168732047446
2025Q1,0.4585055130379878,0.84470266,-0.38619714799945726
2025Q2,0.7301010047709111,0.3005073,0.4295936977182988
2025Q3,0.6359364392493294,0.38983408,0.24610236308317646
