period,y_true,y_pred,error
2023Q4,0.7884377913051521,0.5715229,0.21691489978369827
2024Q1,1.1131199081441334,0.67814267,0.434977241327422
2024Q2,0.918936493096445,0.95114785,-0.032211361231710534
2024Q3,0.765173461755575,1.0017042,-0.23653075424784298
2024Q4,0.8135810397867038,0.20361865,0.609962394118674
2025Q1,0.4585055130379878,0.45334908,0.00515642937595473
2025Q2,0.7301010047709111,0.2795707,0.45053030603281297
2025Q3,0.6359364392493294,-0.27881983,0.9147562684748696
