period,y_true,y_pred,error
2023Q4,0.32891105485421956,0.2551661,0.07374494147760213
2024Q1,0.1265360386433656,0.35579425,-0.2292582123217528
2024Q2,0.20085608883579908,-0.86903024,1.069886326033675
2024Q3,-0.005204772962696946,0.23541951,-0.2406242847577409
2024Q4,0.1165325670765105,0.4704923,-0.35395973629491895
2025Q1,0.3420653851322397,-0.10135838,0.4434237615756258
2025Q2,0.012027929778168911,0.2808548,-0.26882686162464786
2025Q3,0.22265183492911067,0.29094535,-0.06829351619469914
