period,y_true,y_pred,error
2023Q4,0.32891105485421956,0.16591932,0.1629917360590154
2024Q1,0.1265360386433656,-0.689602,0.8161380560460145
2024Q2,0.20085608883579908,0.40354022,-0.20268413500109972
2024Q3,-0.005204772962696946,0.2752532,-0.2804579794541673
2024Q4,0.1165325670765105,-0.6956483,0.812180879645175
2025Q1,0.3420653851322397,0.23705241,0.10501297429125156
2025Q2,0.012027929778168911,-0.1436361,0.1556640372229321
2025Q3,0.22265183492911067,0.69906545,-0.476413611924527
