period,y_true,y_pred,error
2023Q4,0.32891105485421956,0.40488723,-0.07597617434995829
2024Q1,0.1265360386433656,-0.14358746,0.27012349379683087
2024Q2,0.20085608883579908,0.6943461,-0.49348998145381273
2024Q3,-0.005204772962696946,0.559318,-0.5645227790013627
2024Q4,0.1165325670765105,-0.075126834,0.19165940129024417
2025Q1,0.3420653851322397,0.58593106,-0.24386567756612454
2025Q2,0.012027929778168911,0.33940575,-0.32737781548969913
2025Q3,0.22265183492911067,0.5442099,-0.3215580625890473
