period,y_true,y_pred,error
2023Q4,0.32891105485421956,0.026199363,0.3027116916821653
2024Q1,0.1265360386433656,1.0009767,-0.874440643065924
2024Q2,0.20085608883579908,10.913603,-10.712746740143693
2024Q3,-0.005204772962696946,0.9004549,-0.9056596517697648
2024Q4,0.1165325670765105,10.406514,-10.289981600709133
2025Q1,0.3420653851322397,0.33685762,0.005207768230842014
2025Q2,0.012027929778168911,10.834243,-10.822214890961577
2025Q3,0.22265183492911067,0.9004549,-0.6778030438779572
