period,y_true,unemp_l1,infl_l1,y_pred,error
2023Q4,0.7884377913051521,12.1,0.8101787404643845,0.42767173,0.36076606078681106
2024Q1,1.1131199081441334,11.9,0.4722582783285967,0.5626095,0.550510414411681
2024Q2,0.918936493096445,11.7,0.34084661902145097,0.5187783,0.4001581689692477
2024Q3,0.765173461755575,11.6,1.9230769230769162,0.7043558,0.06081768544560795
2024Q4,0.8135810397867038,11.3,-0.42735042735041473,0.257996,0.5555850468877628
2025Q1,0.4585055130379878,10.8,0.507463492320559,0.5626095,-0.10410398069446458
2025Q2,0.7301010047709111,10.8,0.6499261447562743,0.5626095,0.16749151103845872
2025Q3,0.6359364392493294,10.5,1.4248739226725649,0.2588927,0.3770437540743874
