period,y_true,y_pred,error
2023Q4,0.4220583165988945,0.18077268,0.24128563953495252
2024Q1,0.10893412086689924,-0.02891058,0.13784470002675508
2024Q2,0.20934094438456174,0.26505423,-0.055713281537069115
2024Q3,0.38050241944069807,0.4291355,-0.04863308194403704
2024Q4,-0.028480060304314492,0.40684795,-0.4353280141007012
2025Q1,0.12496721565324886,0.59657705,-0.4716098326484479
2025Q2,0.3362705511166908,0.18752624,0.14874431017182843
2025Q3,0.5444898510279295,0.28967863,0.25481121781488625
