period,y_true,y_pred,error
2023Q4,0.7884377913051521,-2.3320649,3.1205026583248054
2024Q1,1.1131199081441334,0.5153215,0.5977984149953297
2024Q2,0.918936493096445,0.39986977,0.5190667232848147
2024Q3,0.765173461755575,0.8219193,-0.05674586025827999
2024Q4,0.8135810397867038,0.8405404,-0.026959369301430947
2025Q1,0.4585055130379878,0.4358527,0.02265280660564528
2025Q2,0.7301010047709111,0.31196544,0.4181355690275792
2025Q3,0.6359364392493294,0.014435054,0.6215013854463027
