period,y_true,y_pred,error
2023Q4,0.4220583165988945,0.7152286,-0.2931703005924202
2024Q1,0.10893412086689924,0.28011262,-0.17117850330149675
2024Q2,0.20934094438456174,0.18186817,0.02747277865313169
2024Q3,0.38050241944069807,-0.5094945,0.8899969029116148
2024Q4,-0.028480060304314492,0.9670388,-0.9955188705574578
2025Q1,0.12496721565324886,1.7381461,-1.6131788510124005
2025Q2,0.3362705511166908,2.144183,-1.8079123693392418
2025Q3,0.5444898510279295,-0.21243033,0.7569201791586515
