period,y_true,y_pred,error
2023Q4,0.32891105485421956,-0.16497451,0.4938855655239278
2024Q1,0.1265360386433656,-0.15558264,0.28211867523813794
2024Q2,0.20085608883579908,2.9451945,-2.7443383939675456
2024Q3,-0.005204772962696946,0.23205437,-0.23725914062417308
2024Q4,0.1165325670765105,0.5740332,-0.4575006336643037
2025Q1,0.3420653851322397,0.22774953,0.11431585863153781
2025Q2,0.012027929778168911,0.7203769,-0.7083489790009754
2025Q3,0.22265183492911067,0.23205437,-0.009402532732365465
