period,y_true,y_pred,error
2023Q4,0.4220583165988945,0.20840086,0.21365745617008436
2024Q1,0.10893412086689924,0.054697603,0.054236517879609814
2024Q2,0.20934094438456174,0.35593894,-0.14659799685574892
2024Q3,0.38050241944069807,0.3480929,0.03240950581307356
2024Q4,-0.028480060304314492,0.415906,-0.44438607236257255
2025Q1,0.12496721565324886,0.44450808,-0.31954086006086246
2025Q2,0.3362705511166908,0.1958507,0.1404198509766914
2025Q3,0.5444898510279295,0.17829216,0.36619769576212136
