period,y_true,y_pred,error
2023Q4,0.4220583165988945,0.15800513,0.26405318332767713
2024Q1,0.10893412086689924,0.7329508,-0.6240166857508376
2024Q2,0.20934094438456174,0.8002426,-0.590901658440603
2024Q3,0.38050241944069807,-0.047179658,0.4276820774065966
2024Q4,-0.028480060304314492,0.62828517,-0.6567652299057549
2025Q1,0.12496721565324886,0.12897919,-0.00401197553079502
2025Q2,0.3362705511166908,0.8232832,-0.48701264437891467
2025Q3,0.5444898510279295,0.06713698,0.47735287043472496
